{"steps": [100, 200, 300, 400, 500, 600, 700, 800, 900, 1000, 1100, 1200], "scores": [0, 0, 0, 0, 0, 0, 0, 0, 0, 0, 0, 0], "rewards": [-12.328551084282907, -6.897600788217427, -14.825758656788565, 13.325220062438332, 48.390791710592445, 6.032834297016263, 3.950167873332527, -25.39796459767153, 15.132635717809194, 12.365785513063893, -3.7254078651440796, 23.20108283587946]}